id,name
2975,laurence fishburne
6384,keanu reeves
1667883,milo gibson
1107983,martin luther king
52057,obba babatundé
8349,martin sheen
3084,marlon brando
1776,francis ford coppola
37872,eleanor coppola
5141,heather langenkamp
5139,robert englund
18355,alex winter
64,gary oldman
564,richard linklater
584,philip k. dick
37625,andrew garfield
65731,sam worthington
180659,rosa parks
181934,al sharpton
1280183,coretta scott king
2787630,valentin zorin
89289,jesse jackson
2102583,andrew cohen
73988,lyndon b. johnson
2803017,arthur john birch
2954,jeffrey wright
33663,donald trump
937663,neil amdur
1931175,bob beamon
1700943,jelani cobb
938972,angela davis
1209864,yoruba richen
2685726,delbert hunt
8654,matthew modine
2535,vivica a. fox
225620,rudolph moise
1038,jodie foster
4173,anthony hopkins
3203,russell means
11367,bradley whitford
3266,joe mantegna
5606,sissy spacek
1179102,kathleen kennedy
21010,alexandra hay
928944,coleman barks
2022250,robert bly
514,jack nicholson
6193,leonardo dicaprio
7796,illeana douglas
851784,mackenzie foy
125025,joey king
122889,dane dehaan
2641,martin landau
72028,arye gross
4724,kevin bacon
66743,matt bomer
2098136,brian becker
2098137,richard becker
9857,karl malden
1158,al pacino
1662371,jay sebring
82702,michael jackson
65605,muhammad ali
14386,beyoncé
4483,dustin hoffman
13570,samuel goldwyn
1,george lucas
5064,meryl streep
2559324,beth lane
27888,raúl juliá
2303,wim wenders
3037,richard dreyfuss
4951,robert dalva
1032,martin scorsese
1150,brian de palma
1243,woody allen
510,tim burton
55983,jim henson
7908,frank oz
134,jamie foxx
1006721,charles scorsese
3083483,nathalie labarthe
3,harrison ford
11784,tom atkins
16847,eli roth
2714,lance henriksen
216108,the amazing johnathan
4955,dario argento
27995,barbara crampton
102429,roger corman
102334,bruce d. clark
44762,forrest j. ackerman
100360,john zacherle
62596,kane hodder
64722,john carl buechler
16178,rick baker
20903,josh keaton
22082,lacey chabert
11770,john carpenter
515,glenn close
43774,daniel roebuck
99596,bob burns
7073,michael berryman
27991,stuart gordon
73040,doug bradley
1415341,kazuhiro tsuji
1003,jean reno
524,natalie portman
3894,christian bale
1810,heath ledger
10980,daniel radcliffe
10989,rupert grint
219479,criss angel
1101349,steve aoki
14538,don phillips
1820819,kent jones
1146,julie delpy
1117999,xenia kalogeropoulou
78729,nathan lane
120886,donna air
1112923,ozwald boateng
2710,james cameron
1408141,fred korematsu
54422,tupac shakur
2391,michael dorn
3635,elizabeth taylor
100709,junior wells
1386798,joseph mccarthy
21111,john f. kennedy
13348,howard hughes
2803001,haroldson lafayette hunt
2802990,jean paul getty
117418,mahalia jackson
18746,stevie wonder
1179651,lin-manuel miranda
1122373,marion barry jr.
1122374,chuck brown
61399,mike ditka
1232728,jim mcmahon
1050881,jacqueline kennedy
57738,samuel labarthe
1141815,charles de gaulle
1074129,fred rogers
2066306,françois scarborough clemmons
1184462,ben maccabee
25072,oscar isaac
3910,frances mcdormand
72129,jennifer lawrence
10943,francis lawrence
1145892,ed koch
227811,herschel walker
1222706,skip bayless
1167702,bruno sammartino
1167703,bob backlund
557911,robert kennedy jr
1748,william shatner
2323039,catherine mercado-muñiz
2339577,carmen yulín cruz
10127,jon voight
1229169,roger ailes
112219,michael hickenbottom
56446,john cena
1816204,frederick oberlander
1816207,tevfik arif
151043,randy orton
2569912,liane rudolph
2601848,pyotr tolstoy
21216,kim delaney
58792,jack scalia
16620,hulk hogan
77120,steve austin
2161106,sebastian gorka
2161107,raheem kassam
2255261,michel zlotowski
4960,charles bronson
1103791,joan agajanian quinn
95678,jean-michel basquiat
5469,ralph fiennes
2398868,taghi amirani
567335,chris benoit
115788,paul michael lévesque
937664,abraham beame
2791669,erika andiola
2791670,bob bland
1262488,emicida
10055,fernanda montenegro
2059,adam baldwin
1357571,mike chunn
1357572,nick d'angelo
21278,alan alda
13724,jane alexander
562922,christian keyes
2654014,mariah robinson
21353,isaiah washington
21563,corin nemec
139,uma thurman
140,lucy liu
58924,clifton powell
21355,dmx
1922617,joy rovaris
587035,nadji jeter
154382,jazsmin lewis
31134,darrin henson
2545,lawrence bender
138,quentin tarantino
1220781,shelly altman
115002,john aniston
88620,lauren collins
19961,nina dobrev
1142230,jessica geneus
105762,jimmy jean-louis
380,robert de niro
2406,mathieu kassovitz
3116407,clovis goux
5049,john hurt
39187,olivia colman
7447,alec baldwin
9560,ellen burstyn
6804,graham greene
69302,litefoot
70899,amara zaragoza
42626,trent ford
26009,gail o'grady
33,gary sinise
10427,anne archer
4587,halle berry
2144,tobin bell
141,david carradine
54693,emma stone
19492,viola davis
76184,bryan marshall
30672,sandor elès
1183966,angus duncan
45002,angel tompkins
39770,adam roarke
34721,larry bishop
83908,daniel massey
16896,james garner
8857,debbie reynolds
7071,louise fletcher
10409,shelley duvall
3391,kathleen turner
34947,kevin conroy
1262612,neal adams
61110,fred armisen
707,dan aykroyd
103,mark ruffalo
24045,joseph gordon-levitt
21007,jonah hill
15831,frank welker
27319,christoph waltz
11478,lorraine bracco
9261,frank abagnale jr.
488,steven spielberg
11665,michael angarano
10297,matthew mcconaughey
15864,clarence williams iii
176557,mark kassen
19453,tom bower
4600,joe dante
7166,kevin pollak
1141310,joe dietl
566154,bruce daniels
1229,jeff bridges
2048,gary busey
81316,reid scott
10767,barbara hershey
11477,ray liotta
204,kate winslet
1813,anne hathaway
1535219,mccaul lombardi
21029,billy burke
123725,abigail spencer
76512,jason clarke
6046,roland emmerich
57637,james hetfield
69230,lars ulrich
1205143,john gazarian
2222,beau bridges
44038,nancy allen
160663,ted shackelford
9805,sally kellerman
2282,ben kingsley
24589,paul mercurio
57905,lindsay wagner
18589,lee majors
2638,cary grant
2639,eva marie saint
47879,john savage
104895,james wilder
1339982,robert lee
69342,matty simmons
1524,harold ramis
163630,mart crowley
5374,jim parsons
1159,steven bauer
39996,sidney lumet
1227278,siedah garrett
134710,pat dade
2687948,isaiah sanders
926,ola ray
4610,john landis
10750,sheryl crow
2426206,danny wu
5657,anjelica huston
11510,macaulay culkin
108881,brad buxer
18793,kieran culkin
110001,phil collins
122750,leslie uggams
109897,ethel merman
6352,jane fonda
13301,quincy jones
1201284,jacques peretti
140567,donny osmond
20156,sammy davis jr.
4347,frank sinatra
37934,andré benjamin
15310,anthony kiedis
56367,naomi campbell
45042,adam ant
553721,nick ashford
27011,vanessa williams
8851,whitney houston
990578,rocky marciano
107375,joe frazier
2712640,mark holden
65606,george foreman
87919,mark calaway
84932,jay-z
93527,kelly rowland
119589,donald glover
9030,thandiwe newton
2178,forest whitaker
104779,nas
81130,guy berryman
81131,jon buckland
102786,barack obama
964843,michelle obama
167662,ryan seacrest
1564846,auli'i cravalho
62644,50 cent
32362,jon bon jovi
73931,bette midler
109404,vito russo
863,orson bean
9979,peter coyote
9789,robert altman
11850,candice bergen
19803,leonardo sbaraglia
1084298,alfredo casero
71538,dave filoni
1021364,joseph campbell
2231,samuel l. jackson
12898,tim allen
31,tom hanks
2297235,antony horder
491,john williams
738,sean connery
132305,nobuhiko ōbayashi
5026,akira kurosawa
4,carrie fisher
3799,billy dee williams
10930,irvin kershner
2140901,gary kurtz
130,kenny baker
33185,jeremy bulloch
190,clint eastwood
1277188,jacob tremblay
4690,christopher walken
11701,angelina jolie
1658802,andra day
10215,paul mccartney
230194,abraham laboriel jr.
325,eminem
70851,jack black
227,william hurt
40542,héctor babenco
1296936,sebastião salgado
2778,dennis hopper
5602,david lynch
1414419,lotte eisner
6818,werner herzog
1499594,satya de la manitou
1061561,mark cousins
1018937,jean-michel frodon
2090,kirk douglas
18972,danny masterson
155890,julie garfield
2210813,ellen adler
1130441,robert sklar
1130439,drew casper
1665042,thierry frémaux
224,david cronenberg
6159,ron howard
5168,gabriel byrne
70035,maureen o'hara
2636,alfred hitchcock
1077703,donald spoto
72861,robbie robertson
941022,buffy sainte-marie
40223,joe carnahan
1052109,harry styles
1052107,niall horan
2302849,amalia ulman
118303,nacho vigalondo
14701,carroll baker
4517,joe pesci
11008,rebecca romijn
67877,george litto
1979,kevin spacey
16294,jonathan demme
1259,ennio morricone
19665,john boorman
82388,bob hope
7904,billy crystal
1242827,erroll garner
586186,george avakian
11905,sven nykvist
38127,erland josephson
2240369,bert stern
82280,louis armstrong
10468,marvin hamlisch
10400,barbra streisand
85,johnny depp
531,danny elfman
256928,nick davis
113,christopher lee
70243,eartha kitt
15973,julie newmar
1160,michelle pfeiffer
213896,camille bonora
1103687,joan ganz cooney
64180,steve whitmire
97185,eric jacobson
17483,michael maloney
6238,juliet stevenson
68455,jerry nelson
2,mark hamill
67367,rian johnson
224513,ana de armas
56323,tina fey
135651,michael b. jordan
60073,brie larson
979952,clive davis
120724,jaden smith
4038,susan sarandon
9309,richard pryor
57551,mario cantone
10814,wesley snipes
18897,jackie chan
2047,danny glover
19487,jay hernandez
287,brad pitt
19119,mélanie laurent
52365,cerina vincent
21429,sam page
2127,james wan
2128,leigh whannell
20493,sydney tamiia poitier
33656,heather matarazzo
11462,ellen sandweiss
11465,theresa tilly
52602,rob morrow
59183,sarah-jane redmond
111207,barra grant
21625,molly ringwald
14392,kathryn bigelow
2053,bill paxton
3085,james caan
60848,james aaron oliver
1229762,jonathan mangum
31365,john kassir
23967,mary ellen trainor
78494,beau billingslea
571562,steve blum
189761,david copperfield
88164,luigi cozzi
11357,bruce campbell
34546,mark gatiss
2183911,annette chaton
3027,stephen king
131120,henry strozier
1518723,marcus hearn
61824,mick garris
105685,giovanna mezzogiorno
32055,piero tosi
27993,jeffrey combs
519735,grace phipps
19707,charles band
31302,ted newsom
100659,ivan cardoso
31211,clive barker
12515,josé ferrer
13578,dana andrews
62923,ray bradbury
93190,zack beseda
650,karen allen
109255,leonard maltin
26660,richard kiley
3035391,bob kokai
79084,jeff rector
16028,william marshall
98226,rodney gray
35579,debbie rochon
16938,renny harlin
97915,marilyn eastman
27804,gunnar hansen
27747,chuck connors
80579,robert z'dar
35475,sean s. cunningham
37470,adrienne king
99906,john bloom
1036843,james balsamo
1351030,jeff kim
164807,paul davis
11173,nick dudman
1319490,kevin haney
5174,barry sonnenfeld
59860,alice eve
34982,jeff bennett
963818,troy baker
86314,mindy cohn
43458,brennan elliott
63681,julie warner
54500,will kemp
1547914,elan garfias
1484044,imari williams
11813,david foster
14999,george a. romero
2932562,tyler lyle
511,larry j. franco
1432094,cody carpenter
44810,cassandra peterson
4785,jeff goldblum
229715,jean-michel jarre
1250815,little boots
6856,kurt russell
65827,keith david
32396,richard belzer
44712,jill eikenberry
2056726,kevin dobson
66776,liza minnelli
40389,bernadette peters
26485,jim belushi
2628845,james black
51965,kevin sorbo
259016,sam sorbo
20767,samantha mathis
17005,doug jones
109870,tom woodruff jr.
1452828,nikki sixx
155681,vince neil
35473,ramsey campbell
23446,neil gaiman
86045,gary beadle
1487247,kiefer o'reilly
24501,pierre richard
39646,mireille darc
28626,arielle dombasle
3614,michel houellebecq
225009,pablo larraín
3810,javier bardem
72305,lesley manville
3223,robert downey jr.
16828,chris evans
6968,hugh jackman
1892,matt damon
11669,jimmy fallon
43120,andy dick
131286,mark david
60634,marty belafsky
68848,lisa zane
53,peter stormare
28782,monica bellucci
1842287,clayton williamson
75747,annie byron
1464519,emma norton
1923,robbie coltrane
10990,emma watson
475512,ellie kemper
4391,charles dance
1689289,justine lupe
1744249,kygo
1101342,sven väth
1101343,carl cox
89056,david guetta
1101364,josh wink
1452124,jason derulo
108661,chester bennington
214830,mike shinoda
95789,georgina cates
519,martin short
1350,irène jacob
1352,jean-louis trintignant
1312543,costas kakavas
1138102,georgia vasileiadou
1122173,orestis makris
1129635,labros konstadaras
1260050,maro kodou
65897,george foundas
1031167,anestis vlahos
35028,zoe kazan
14639,mel brooks
4756,matthew broderick
15152,james earl jones
7570,lauren bacall
130231,brian stokes mitchell
869,gale anne hurd
19767,snoop dogg
9778,ice cube
2387,patrick stewart
2388,jonathan frakes
64948,cathy cavadini
9208,robert wagner
103366,george murphy
2672,jack carson
9066,judy garland
34347,hugh herbert
102363,peggy moran
928828,brian may
84530,roger taylor
12147,spencer tracy
6598,katharine hepburn
7571,blair brown
84378,nick fraser
1420,robert drew
2102600,jill drew
106843,buzz aldrin
87485,neil armstrong
1670479,abbas abdi
1625013,mahmoud ahmadinejad
82315,jean harlow
4430,sharon stone
70261,nat king cole
72208,alicia keys
3284,bruce springsteen
77069,lenny kravitz
1149345,huw edwards
80535,robbie williams
130565,nick jonas
85757,joe jonas
138986,tony bennett
53397,christina aguilera
226001,ariana grande
1220537,sara cox
107602,jeff beck
107605,lenny bruce
1560244,anthony ramos
1254614,leslie odom jr.
1833913,blanca camacho
60900,taylor kitsch
1603921,eddie canales
146964,kenneth anger
1171032,adolfo arrieta
34627,nadia farès
56241,rachida brakni
120385,bruno putzulu
71997,serge moati
586391,françois mitterrand
1204877,andré malraux
234339,alain duhamel
72254,éric caravaca
2445767,bertrand chamerois
2232,michael keaton
1490,joan baez
137427,denis villeneuve
1190668,timothée chalamet
587506,shameik moore
543505,jake johnson
6807,sam rockwell
1395183,chloé zhao
12438,bob balaban
5655,wes anderson
69054,brooke adams
1004,danny aiello
1216782,pedro morales
1207043,billy graham
1207045,oreal perras
89023,randy poffo
1155272,rick blood sr.
90027,jeffrey nero hardy
238367,trish stratus
543544,amy dumas
1155262,larry pfohl
568583,jim duggan
1463963,pierre clermont
198192,davey boy smith
906496,rodney anoaʻi
1064416,robert remus
1194949,bill eadie
1240598,wendi richter
87255,cyndi lauper
569182,james mark cornette
963671,richard wiese
64825,harry hamlin
97772,mel tormé
1222952,jonathan llyr
13784,burt lancaster
16180,robert picardo
16418,casey kasem
53862,kaley cuoco
16478,johnny galecki
1947,stanley adams
62578,mark a. altman
6213,jamie kennedy
111946,britney spears
6575,gil bellows
1540602,alexa nisenson
77003,gavin o'connor
199449,greg o'connor
33684,bono
181452,kix brooks
112217,bret hart
928383,verne gagne
1196862,guadalupe robledo
1195465,sid eudy
214618,leon white
77763,mick foley
543530,dave bautista
80757,mike tyson
1216846,frederick jannetty
1240595,doug somerson
74749,brock lesnar
18918,dwayne johnson
135352,kevin nash
90031,kurt angle
160039,eric bischoff
61903,glenn jacobs
218176,sabu
1206981,gerald brisco
238346,anthony carelli
1082302,dylan postl
57342,vince mcmahon
79027,aurelian smith jr.
1108052,sylvester ritter
102937,gene okerlund
89888,adam copeland
44240,roddy piper
238321,jerry lawler
565430,phillip jack brooks
1155271,brian pillman
1216238,joe james
170802,bob barker
1138149,serena deeb
568592,jim neidhart
568589,jim hellwig
1275417,rami sebei
1093514,claudio castagnoli
1039215,brian adams
1087342,scott bigelow
569166,ric flair
885876,jack brisco
568585,ted dibiase sr.
1195489,brian james
1195491,sean waltman
1155264,virgil runnels
711143,curt hennig
158038,jimmy hart
238330,bryan danielson
1194847,william moody
928362,shelton benjamin
105656,chris irvine
151042,paul wight
217275,paul orndorff
1170011,leati joseph anoa'i
25504,andré roussimoff
569590,andrew mclean galloway iv
237746,stephen farrelly
155096,randy anderson
119154,dalip singh rana
1200822,windham rotunda
565426,stuart bennett
1081432,allen neal jones
234352,margot robbie
17605,idris elba
1096280,matthew cardona
1445097,masami odate
543535,eddie guerrero
565421,mark henry
567257,paul heyman
1198946,william jason reso
1566516,peter england
1923222,patrick clark
1495880,alexis kaufman
568555,óscar gutiérrez rubio
491896,brie bella
1081435,nuufolau joel seanoa
1081433,daniel christopher covell
137050,kofi sarkodie-mensah
65236,bill goldberg
1419127,rebecca quin
1200138,terry gerin
1170010,colby lopez
1170014,jonathan good
1528514,noelle foley
237737,nick nemeth
1197008,charles scaggs
33016,terry funk
1419128,pamela rose martinez
1531459,thea trinidad
1578310,gionna daddio
238335,natalie neidhart
2227093,bianca  crawford
1197228,fergal devitt
55779,john schneider
114293,tom wopat
2713,linda hamilton
21397,dennis rodman
1108859,steve borden
1076694,jeffrey jarrett
197994,louis vincent albano
86903,page falkinburg jr.
2712702,vince mcmahon sr.
218022,scott hall
15234,david arquette
1076796,scott rechsteiner
928391,marty lunde
1108047,elizabeth hulette
568587,rick rood
129849,franklin lashley
1202307,hassan hamin assad
2632,chris rock
543521,jim ross
1194951,dory funk jr.
229949,allen sarven
219244,lisa moretti
16483,sylvester stallone
976,jason statham
928359,terry allen
102210,scott levy
565433,stephanie mcmahon
543599,booker huffman
569184,peter senerchia
1155263,barry windham
4959,claudia cardinale
4958,henry fonda
13565,steve mcqueen
1304234,bruno bischofberger
1291350,tony revolori
13333,vanessa redgrave
3896,liam neeson
21879,simon wells
12079,kelly asbury
11279,roger allam
80860,jonathan bailey
1200941,último dragón
1208114,keiichi yamada
543515,mark lomonaco
1118778,devon hughes
1201951,dave finlay
1170013,john layfield
1195521,solofa fatu jr.
1275416,kevin steen
1194846,steve keirn
575755,john laurinaitis
10059,vinícius de oliveira
87339,marco ricca
87335,fernanda torres
1364398,milton santos
54566,josé saramago
1041385,felipe camargo
557586,carol castro
2128873,carol duarte
1787874,julia stockler
931851,carlos alberto riccelli
1175049,gianfrancesco guarnieri
1495305,mira haar
1495306,carlos moreno
1257190,paulo gracindo
1326291,luciana vendramini
55009,lázaro ramos
138328,débora falabella
8600,matheus nachtergaele
87341,selton mello
2878,c. thomas howell
13445,tia carrere
8447,jeff daniels
64811,mike farrell
157416,carl anthony payne ii
93528,letoya luckett
121917,azur-de
93615,angell conwell
83105,debra wilson
546750,malika blessing
580240,maya gilbert
1162,robert loggia
62123,david moscow
1044567,sara fletcher
158223,rib hillis
8891,john travolta
2165,rosanna arquette
1394681,somaly mam
2415039,brandon bowers
2331202,carla mahaffee
146008,sam sarpong
52116,wendy raquel robinson
19384,tony todd
74354,miguel a. núñez jr.
18288,terrence howard
59153,robin givens
57108,usher
16450,sean combs
17345,rockmond dunbar
58953,faune chambers
264300,mack 10
4688,michael rapaport
124546,john wesley shipp
103898,jeffrey d. sams
